tweet,label
"This product exceeded my expectations. Highly recommended!",1
"The service at this restaurant was outstanding. Will definitely come back!",1
"I'm really disappointed with the quality of this item. Not worth the price.",0
"The movie was amazing! It kept me on the edge of my seat throughout.",1
"The customer support was unresponsive and unhelpful. Very frustrating experience.",0
"This book is a must-read. Couldn't put it down!",1
"I regret purchasing this product. It didn't meet my needs.",0
"The performance by the actors was outstanding. I was blown away!",1
"The delivery was delayed, and the package arrived damaged. Very dissatisfied.",0
"The food at this restaurant was tasteless and overpriced. Won't be returning.",0
"I absolutely love this brand. Their products are always top-notch!",1
"The user interface of this app is confusing and poorly designed. Hard to navigate.",0
"This hotel provided excellent service and a comfortable stay. Highly recommended!",1
"The product broke after just a few uses. Poor quality.",0
"The concert was incredible. One of the best I've attended!",1
"I had a terrible experience with this company's customer service. No resolution.",0
"The plot of the movie was predictable and uninteresting. Disappointing.",0
"This device has made my life so much easier. It's a game-changer!",1
"The staff at this store was rude and unhelpful. Will not be shopping here again.",0
"The book had me hooked from the first page. Couldn't put it down!",1
"The product didn't arrive on time, and the seller was unresponsive. Very frustrating.",0
"Great job by the band at the concert. They had the crowd dancing all night!",1
"The software crashed multiple times, causing me to lose my work. Extremely frustrating.",0
"The vacation rental exceeded my expectations. It was a perfect getaway!",1
"The customer support was prompt and helpful. They resolved my issue quickly.",1
"The product didn't match the description. Misleading advertising.",0
"The play was phenomenal. The actors gave a stellar performance!",1
"The service at this restaurant was slow, and the food was mediocre. Disappointing.",0
"I'm in love with this new gadget. It's revolutionized my daily routine!",1
"The company's shipping was delayed, and the product arrived damaged. Not happy.",0
"The museum exhibit was captivating. I learned so much!",1
"The company's website was difficult to navigate, and the checkout process was frustrating.",0
"The hotel room was dirty, and the staff was unhelpful. Terrible experience.",0
"I'm impressed with the quality of this product. It's exactly what I needed!",1
"The airline lost my luggage, and the customer service was unhelpful. Frustrating.",0
"The concert was a letdown. The sound quality was poor, and the performance lacked energy.",0
"The app is user-friendly and packed with useful features. Highly recommended!",1
"The product arrived in perfect condition, and it works flawlessly. Very satisfied!",1
"The play had a weak script, and the acting was subpar. Disappointing.",0
"I'm thrilled with my purchase. This product has exceeded my expectations!",1
"The company's return policy is complicated and inconvenient. Not customer-friendly.",0
"The museum tour guide was knowledgeable and engaging. A great learning experience!",1
"The customer service representatives were polite and helpful. Resolved my issue promptly.",1
"The product is poorly made and doesn't function as advertised. Waste of money.",0
"The concert was mind-blowing. The band put on an unforgettable show!",1
"The company's website was down, and I couldn't complete my purchase. Frustrating.",0
"The hotel had a beautiful view and provided excellent service. Highly recommended!",1
"The food at this restaurant was delicious, and the staff was attentive. A great experience!",1
"I'm unsatisfied with the quality of this product. It feels cheap and flimsy.",0
"The movie was a disappointment. The plot was weak, and the acting was unconvincing.",0
"I'm extremely happy with this purchase. It's exactly what I wanted!",1
"The company's customer support was unresponsive. I'm still waiting for a resolution.",0
"The museum had a wide variety of exhibits. I spent hours exploring!",1
"The software is full of bugs and crashes frequently. Very frustrating to use.",0
"The hotel room was dirty, and the staff was unprofessional. Terrible experience.",0
"I'm blown away by the performance. The actors were phenomenal!",1
"The service at this restaurant was slow, and the food was cold. Very disappointing.",0
"I'm loving this new gadget. It has made my life so much easier!",1
"The company failed to deliver my order on time. Poor service.",0
"The art exhibit was breathtaking. I was captivated by the works on display!",1
"The company's support team was helpful and resolved my issue promptly.",1
"The product arrived damaged, and the seller hasn't responded to my complaint. Unsatisfied.",0
"The concert was a complete disaster. The sound quality was awful, and the band was off-key.",0
"The app has a sleek design and intuitive interface. Highly impressed!",1
"The product arrived ahead of schedule and in perfect condition. Very pleased!",1
"The play was captivating. The actors delivered powerful performances!",1
"The service at this restaurant was terrible. Rude staff and long wait times.",0
"I'm absolutely thrilled with this purchase. It has exceeded my expectations!",1
"The company's communication was poor. I had to follow up multiple times for updates.",0
"The zoo had a wide variety of animals, and the exhibits were well-maintained. A great visit!",1
"The software is slow and crashes frequently. It's frustrating to use.",0
"The hotel room was dirty, and the staff was unhelpful. Will not be staying here again.",0
"The concert was phenomenal. The band gave an electrifying performance!",1
"The service at this restaurant was excellent. The staff went above and beyond!",1
"I'm disappointed with the performance of this product. It doesn't meet my expectations.",0
"The movie was a letdown. The storyline was weak, and the acting was mediocre.",0
"I'm extremely satisfied with this purchase. It's exactly what I needed!",1
"The company's customer support was unhelpful and unresponsive. Very dissatisfied.",0
"The zoo had informative signs, and the animals looked well-cared for. A great experience!",1
"The software has a steep learning curve, and the documentation is lacking.",0
"The hotel had a beautiful pool and provided excellent service. Highly recommended!",1
"The food at this restaurant was delicious, and the service was impeccable. A fantastic experience!",1
"I'm not impressed with the quality of this product. It feels cheap and poorly made.",0
"The movie was boring, and the acting was uninspiring. Disappointing experience.",0
"I'm overjoyed with this purchase. It has exceeded my expectations!",1
"The company's customer service was slow to respond. Frustrating experience.",0
"The zoo had a diverse range of animals, and the exhibits were informative. Enjoyable visit!",1
"The software is riddled with glitches. It's frustrating to use.",0
"The hotel room was clean, and the staff was friendly. A pleasant stay!",1
"The service at this restaurant was terrible. Slow and unresponsive.",0
"I'm thrilled with this new gadget. It has enhanced my daily routine!",1
"The company failed to deliver my order on time. Poor service.",0
"The art exhibit was mesmerizing. The pieces were thought-provoking!",1
"The company's support team was quick to assist and resolve my issue. Satisfied with the response.",1
"The product arrived damaged, and the seller hasn't provided a satisfactory solution. Unsatisfied.",0
"The concert was a disaster. The band was out of sync, and the sound quality was horrible.",0
"The app is user-friendly and packed with useful features. Highly recommended!",1
"The product arrived ahead of schedule and in perfect condition. Very satisfied!",1
"The play was captivating. The actors delivered outstanding performances!",1
"The service at this restaurant was terrible. The staff was rude and inattentive.",0
"I'm absolutely thrilled with this purchase. It has surpassed my expectations!",1
"The company's communication was lacking. I had to constantly follow up for updates.",0
"The museum had a wide range of exhibits. I enjoyed learning about different cultures!",1
"The software is slow and frequently crashes. It's frustrating to use.",0
"The hotel room was dirty, and the staff was unhelpful. A disappointing experience.",0
"The concert was phenomenal. The band gave an incredible performance!",1
"The service at this restaurant was exceptional. The staff was attentive and friendly.",1
"I'm not satisfied with the performance of this product. It falls short of my expectations.",0
"The movie was underwhelming. The plot was predictable, and the acting was lackluster.",0
"The company's customer support was unhelpful and slow to respond. Very dissatisfied.",0